video_name,video_path,ground_truth_fall,predicted_fall,total_frames,fall_frames,max_fall_streak,streak_threshold
01.mp4,GMDCSA24-A-Dataset-for-Human-Fall-Detection-in-Videos-v2.1/ekramalam-GMDCSA24-A-Dataset-for-Human-Fall-Detection-in-Videos-5abac76/Subject 1/ADL/01.mp4,0,1,245,201,201,5
02.mp4,GMDCSA24-A-Dataset-for-Human-Fall-Detection-in-Videos-v2.1/ekramalam-GMDCSA24-A-Dataset-for-Human-Fall-Detection-in-Videos-5abac76/Subject 1/ADL/02.mp4,0,1,198,167,167,5
03.mp4,GMDCSA24-A-Dataset-for-Human-Fall-Detection-in-Videos-v2.1/ekramalam-GMDCSA24-A-Dataset-for-Human-Fall-Detection-in-Videos-5abac76/Subject 1/ADL/03.mp4,0,1,199,174,174,5
04.mp4,GMDCSA24-A-Dataset-for-Human-Fall-Detection-in-Videos-v2.1/ekramalam-GMDCSA24-A-Dataset-for-Human-Fall-Detection-in-Videos-5abac76/Subject 1/ADL/04.mp4,0,1,170,76,76,5
05.mp4,GMDCSA24-A-Dataset-for-Human-Fall-Detection-in-Videos-v2.1/ekramalam-GMDCSA24-A-Dataset-for-Human-Fall-Detection-in-Videos-5abac76/Subject 1/ADL/05.mp4,0,0,314,3,2,5
06.mp4,GMDCSA24-A-Dataset-for-Human-Fall-Detection-in-Videos-v2.1/ekramalam-GMDCSA24-A-Dataset-for-Human-Fall-Detection-in-Videos-5abac76/Subject 1/ADL/06.mp4,0,1,364,321,314,5
07.mp4,GMDCSA24-A-Dataset-for-Human-Fall-Detection-in-Videos-v2.1/ekramalam-GMDCSA24-A-Dataset-for-Human-Fall-Detection-in-Videos-5abac76/Subject 1/ADL/07.mp4,0,0,224,0,0,5
08.mp4,GMDCSA24-A-Dataset-for-Human-Fall-Detection-in-Videos-v2.1/ekramalam-GMDCSA24-A-Dataset-for-Human-Fall-Detection-in-Videos-5abac76/Subject 1/ADL/08.mp4,0,0,187,0,0,5
09.mp4,GMDCSA24-A-Dataset-for-Human-Fall-Detection-in-Videos-v2.1/ekramalam-GMDCSA24-A-Dataset-for-Human-Fall-Detection-in-Videos-5abac76/Subject 1/ADL/09.mp4,0,0,147,0,0,5
10.mp4,GMDCSA24-A-Dataset-for-Human-Fall-Detection-in-Videos-v2.1/ekramalam-GMDCSA24-A-Dataset-for-Human-Fall-Detection-in-Videos-5abac76/Subject 1/ADL/10.mp4,0,0,115,0,0,5
11.mp4,GMDCSA24-A-Dataset-for-Human-Fall-Detection-in-Videos-v2.1/ekramalam-GMDCSA24-A-Dataset-for-Human-Fall-Detection-in-Videos-5abac76/Subject 1/ADL/11.mp4,0,0,277,0,0,5
12.mp4,GMDCSA24-A-Dataset-for-Human-Fall-Detection-in-Videos-v2.1/ekramalam-GMDCSA24-A-Dataset-for-Human-Fall-Detection-in-Videos-5abac76/Subject 1/ADL/12.mp4,0,0,218,0,0,5
13.mp4,GMDCSA24-A-Dataset-for-Human-Fall-Detection-in-Videos-v2.1/ekramalam-GMDCSA24-A-Dataset-for-Human-Fall-Detection-in-Videos-5abac76/Subject 1/ADL/13.mp4,0,1,187,94,94,5
14.mp4,GMDCSA24-A-Dataset-for-Human-Fall-Detection-in-Videos-v2.1/ekramalam-GMDCSA24-A-Dataset-for-Human-Fall-Detection-in-Videos-5abac76/Subject 1/ADL/14.mp4,0,1,173,25,25,5
15.mp4,GMDCSA24-A-Dataset-for-Human-Fall-Detection-in-Videos-v2.1/ekramalam-GMDCSA24-A-Dataset-for-Human-Fall-Detection-in-Videos-5abac76/Subject 1/ADL/15.mp4,0,1,212,94,94,5
16.mp4,GMDCSA24-A-Dataset-for-Human-Fall-Detection-in-Videos-v2.1/ekramalam-GMDCSA24-A-Dataset-for-Human-Fall-Detection-in-Videos-5abac76/Subject 1/ADL/16.mp4,0,1,104,104,104,5
01.mp4,GMDCSA24-A-Dataset-for-Human-Fall-Detection-in-Videos-v2.1/ekramalam-GMDCSA24-A-Dataset-for-Human-Fall-Detection-in-Videos-5abac76/Subject 1/Fall/01.mp4,1,1,203,91,30,5
02.mp4,GMDCSA24-A-Dataset-for-Human-Fall-Detection-in-Videos-v2.1/ekramalam-GMDCSA24-A-Dataset-for-Human-Fall-Detection-in-Videos-5abac76/Subject 1/Fall/02.mp4,1,1,189,124,98,5
03.mp4,GMDCSA24-A-Dataset-for-Human-Fall-Detection-in-Videos-v2.1/ekramalam-GMDCSA24-A-Dataset-for-Human-Fall-Detection-in-Videos-5abac76/Subject 1/Fall/03.mp4,1,1,176,95,95,5
04.mp4,GMDCSA24-A-Dataset-for-Human-Fall-Detection-in-Videos-v2.1/ekramalam-GMDCSA24-A-Dataset-for-Human-Fall-Detection-in-Videos-5abac76/Subject 1/Fall/04.mp4,1,1,146,66,66,5
05.mp4,GMDCSA24-A-Dataset-for-Human-Fall-Detection-in-Videos-v2.1/ekramalam-GMDCSA24-A-Dataset-for-Human-Fall-Detection-in-Videos-5abac76/Subject 1/Fall/05.mp4,1,1,174,107,107,5
06.mp4,GMDCSA24-A-Dataset-for-Human-Fall-Detection-in-Videos-v2.1/ekramalam-GMDCSA24-A-Dataset-for-Human-Fall-Detection-in-Videos-5abac76/Subject 1/Fall/06.mp4,1,1,169,88,88,5
07.mp4,GMDCSA24-A-Dataset-for-Human-Fall-Detection-in-Videos-v2.1/ekramalam-GMDCSA24-A-Dataset-for-Human-Fall-Detection-in-Videos-5abac76/Subject 1/Fall/07.mp4,1,1,153,103,103,5
08.mp4,GMDCSA24-A-Dataset-for-Human-Fall-Detection-in-Videos-v2.1/ekramalam-GMDCSA24-A-Dataset-for-Human-Fall-Detection-in-Videos-5abac76/Subject 1/Fall/08.mp4,1,1,129,91,91,5
09.mp4,GMDCSA24-A-Dataset-for-Human-Fall-Detection-in-Videos-v2.1/ekramalam-GMDCSA24-A-Dataset-for-Human-Fall-Detection-in-Videos-5abac76/Subject 1/Fall/09.mp4,1,1,131,83,83,5
10.mp4,GMDCSA24-A-Dataset-for-Human-Fall-Detection-in-Videos-v2.1/ekramalam-GMDCSA24-A-Dataset-for-Human-Fall-Detection-in-Videos-5abac76/Subject 1/Fall/10.mp4,1,1,133,77,64,5
11.mp4,GMDCSA24-A-Dataset-for-Human-Fall-Detection-in-Videos-v2.1/ekramalam-GMDCSA24-A-Dataset-for-Human-Fall-Detection-in-Videos-5abac76/Subject 1/Fall/11.mp4,1,1,181,134,125,5
12.mp4,GMDCSA24-A-Dataset-for-Human-Fall-Detection-in-Videos-v2.1/ekramalam-GMDCSA24-A-Dataset-for-Human-Fall-Detection-in-Videos-5abac76/Subject 1/Fall/12.mp4,1,1,200,125,120,5
13.mp4,GMDCSA24-A-Dataset-for-Human-Fall-Detection-in-Videos-v2.1/ekramalam-GMDCSA24-A-Dataset-for-Human-Fall-Detection-in-Videos-5abac76/Subject 1/Fall/13.mp4,1,1,128,104,104,5
14.mp4,GMDCSA24-A-Dataset-for-Human-Fall-Detection-in-Videos-v2.1/ekramalam-GMDCSA24-A-Dataset-for-Human-Fall-Detection-in-Videos-5abac76/Subject 1/Fall/14.mp4,1,1,169,132,117,5
15.mp4,GMDCSA24-A-Dataset-for-Human-Fall-Detection-in-Videos-v2.1/ekramalam-GMDCSA24-A-Dataset-for-Human-Fall-Detection-in-Videos-5abac76/Subject 1/Fall/15.mp4,1,1,178,110,110,5
16.mp4,GMDCSA24-A-Dataset-for-Human-Fall-Detection-in-Videos-v2.1/ekramalam-GMDCSA24-A-Dataset-for-Human-Fall-Detection-in-Videos-5abac76/Subject 1/Fall/16.mp4,1,1,181,168,87,5
01.mp4,GMDCSA24-A-Dataset-for-Human-Fall-Detection-in-Videos-v2.1/ekramalam-GMDCSA24-A-Dataset-for-Human-Fall-Detection-in-Videos-5abac76/Subject 2/ADL/01.mp4,0,1,340,103,84,5
02.mp4,GMDCSA24-A-Dataset-for-Human-Fall-Detection-in-Videos-v2.1/ekramalam-GMDCSA24-A-Dataset-for-Human-Fall-Detection-in-Videos-5abac76/Subject 2/ADL/02.mp4,0,0,352,0,0,5
03.mp4,GMDCSA24-A-Dataset-for-Human-Fall-Detection-in-Videos-v2.1/ekramalam-GMDCSA24-A-Dataset-for-Human-Fall-Detection-in-Videos-5abac76/Subject 2/ADL/03.mp4,0,1,356,118,118,5
04.mp4,GMDCSA24-A-Dataset-for-Human-Fall-Detection-in-Videos-v2.1/ekramalam-GMDCSA24-A-Dataset-for-Human-Fall-Detection-in-Videos-5abac76/Subject 2/ADL/04.mp4,0,0,234,0,0,5
05.mp4,GMDCSA24-A-Dataset-for-Human-Fall-Detection-in-Videos-v2.1/ekramalam-GMDCSA24-A-Dataset-for-Human-Fall-Detection-in-Videos-5abac76/Subject 2/ADL/05.mp4,0,0,323,0,0,5
06.mp4,GMDCSA24-A-Dataset-for-Human-Fall-Detection-in-Videos-v2.1/ekramalam-GMDCSA24-A-Dataset-for-Human-Fall-Detection-in-Videos-5abac76/Subject 2/ADL/06.mp4,0,0,321,0,0,5
07.mp4,GMDCSA24-A-Dataset-for-Human-Fall-Detection-in-Videos-v2.1/ekramalam-GMDCSA24-A-Dataset-for-Human-Fall-Detection-in-Videos-5abac76/Subject 2/ADL/07.mp4,0,0,388,0,0,5
08.mp4,GMDCSA24-A-Dataset-for-Human-Fall-Detection-in-Videos-v2.1/ekramalam-GMDCSA24-A-Dataset-for-Human-Fall-Detection-in-Videos-5abac76/Subject 2/ADL/08.mp4,0,1,408,11,8,5
09.mp4,GMDCSA24-A-Dataset-for-Human-Fall-Detection-in-Videos-v2.1/ekramalam-GMDCSA24-A-Dataset-for-Human-Fall-Detection-in-Videos-5abac76/Subject 2/ADL/09.mp4,0,1,327,200,177,5
10.mp4,GMDCSA24-A-Dataset-for-Human-Fall-Detection-in-Videos-v2.1/ekramalam-GMDCSA24-A-Dataset-for-Human-Fall-Detection-in-Videos-5abac76/Subject 2/ADL/10.mp4,0,0,226,1,1,5
11.mp4,GMDCSA24-A-Dataset-for-Human-Fall-Detection-in-Videos-v2.1/ekramalam-GMDCSA24-A-Dataset-for-Human-Fall-Detection-in-Videos-5abac76/Subject 2/ADL/11.mp4,0,0,298,2,2,5
12.mp4,GMDCSA24-A-Dataset-for-Human-Fall-Detection-in-Videos-v2.1/ekramalam-GMDCSA24-A-Dataset-for-Human-Fall-Detection-in-Videos-5abac76/Subject 2/ADL/12.mp4,0,1,227,140,140,5
13.mp4,GMDCSA24-A-Dataset-for-Human-Fall-Detection-in-Videos-v2.1/ekramalam-GMDCSA24-A-Dataset-for-Human-Fall-Detection-in-Videos-5abac76/Subject 2/ADL/13.mp4,0,0,145,1,1,5
14.mp4,GMDCSA24-A-Dataset-for-Human-Fall-Detection-in-Videos-v2.1/ekramalam-GMDCSA24-A-Dataset-for-Human-Fall-Detection-in-Videos-5abac76/Subject 2/ADL/14.mp4,0,1,166,60,26,5
15.mp4,GMDCSA24-A-Dataset-for-Human-Fall-Detection-in-Videos-v2.1/ekramalam-GMDCSA24-A-Dataset-for-Human-Fall-Detection-in-Videos-5abac76/Subject 2/ADL/15.mp4,0,1,179,56,40,5
16.mp4,GMDCSA24-A-Dataset-for-Human-Fall-Detection-in-Videos-v2.1/ekramalam-GMDCSA24-A-Dataset-for-Human-Fall-Detection-in-Videos-5abac76/Subject 2/ADL/16.mp4,0,1,173,162,56,5
17.mp4,GMDCSA24-A-Dataset-for-Human-Fall-Detection-in-Videos-v2.1/ekramalam-GMDCSA24-A-Dataset-for-Human-Fall-Detection-in-Videos-5abac76/Subject 2/ADL/17.mp4,0,1,175,34,34,5
18.mp4,GMDCSA24-A-Dataset-for-Human-Fall-Detection-in-Videos-v2.1/ekramalam-GMDCSA24-A-Dataset-for-Human-Fall-Detection-in-Videos-5abac76/Subject 2/ADL/18.mp4,0,0,175,0,0,5
19.mp4,GMDCSA24-A-Dataset-for-Human-Fall-Detection-in-Videos-v2.1/ekramalam-GMDCSA24-A-Dataset-for-Human-Fall-Detection-in-Videos-5abac76/Subject 2/ADL/19.mp4,0,1,170,38,5,5
20.mp4,GMDCSA24-A-Dataset-for-Human-Fall-Detection-in-Videos-v2.1/ekramalam-GMDCSA24-A-Dataset-for-Human-Fall-Detection-in-Videos-5abac76/Subject 2/ADL/20.mp4,0,0,175,0,0,5
21.mp4,GMDCSA24-A-Dataset-for-Human-Fall-Detection-in-Videos-v2.1/ekramalam-GMDCSA24-A-Dataset-for-Human-Fall-Detection-in-Videos-5abac76/Subject 2/ADL/21.mp4,0,0,158,0,0,5
22.mp4,GMDCSA24-A-Dataset-for-Human-Fall-Detection-in-Videos-v2.1/ekramalam-GMDCSA24-A-Dataset-for-Human-Fall-Detection-in-Videos-5abac76/Subject 2/ADL/22.mp4,0,1,182,172,61,5
23.mp4,GMDCSA24-A-Dataset-for-Human-Fall-Detection-in-Videos-v2.1/ekramalam-GMDCSA24-A-Dataset-for-Human-Fall-Detection-in-Videos-5abac76/Subject 2/ADL/23.mp4,0,1,109,88,46,5
01.mp4,GMDCSA24-A-Dataset-for-Human-Fall-Detection-in-Videos-v2.1/ekramalam-GMDCSA24-A-Dataset-for-Human-Fall-Detection-in-Videos-5abac76/Subject 2/Fall/01.mp4,1,1,190,122,83,5
02.mp4,GMDCSA24-A-Dataset-for-Human-Fall-Detection-in-Videos-v2.1/ekramalam-GMDCSA24-A-Dataset-for-Human-Fall-Detection-in-Videos-5abac76/Subject 2/Fall/02.mp4,1,1,252,147,147,5
03.mp4,GMDCSA24-A-Dataset-for-Human-Fall-Detection-in-Videos-v2.1/ekramalam-GMDCSA24-A-Dataset-for-Human-Fall-Detection-in-Videos-5abac76/Subject 2/Fall/03.mp4,1,1,210,200,200,5
04.mp4,GMDCSA24-A-Dataset-for-Human-Fall-Detection-in-Videos-v2.1/ekramalam-GMDCSA24-A-Dataset-for-Human-Fall-Detection-in-Videos-5abac76/Subject 2/Fall/04.mp4,1,1,305,181,171,5
05.mp4,GMDCSA24-A-Dataset-for-Human-Fall-Detection-in-Videos-v2.1/ekramalam-GMDCSA24-A-Dataset-for-Human-Fall-Detection-in-Videos-5abac76/Subject 2/Fall/05.mp4,1,1,135,70,70,5
06.mp4,GMDCSA24-A-Dataset-for-Human-Fall-Detection-in-Videos-v2.1/ekramalam-GMDCSA24-A-Dataset-for-Human-Fall-Detection-in-Videos-5abac76/Subject 2/Fall/06.mp4,1,1,194,110,110,5
07.mp4,GMDCSA24-A-Dataset-for-Human-Fall-Detection-in-Videos-v2.1/ekramalam-GMDCSA24-A-Dataset-for-Human-Fall-Detection-in-Videos-5abac76/Subject 2/Fall/07.mp4,1,1,135,66,66,5
08.mp4,GMDCSA24-A-Dataset-for-Human-Fall-Detection-in-Videos-v2.1/ekramalam-GMDCSA24-A-Dataset-for-Human-Fall-Detection-in-Videos-5abac76/Subject 2/Fall/08.mp4,1,1,181,85,85,5
09.mp4,GMDCSA24-A-Dataset-for-Human-Fall-Detection-in-Videos-v2.1/ekramalam-GMDCSA24-A-Dataset-for-Human-Fall-Detection-in-Videos-5abac76/Subject 2/Fall/09.mp4,1,1,167,91,91,5
10.mp4,GMDCSA24-A-Dataset-for-Human-Fall-Detection-in-Videos-v2.1/ekramalam-GMDCSA24-A-Dataset-for-Human-Fall-Detection-in-Videos-5abac76/Subject 2/Fall/10.mp4,1,1,167,121,117,5
11.mp4,GMDCSA24-A-Dataset-for-Human-Fall-Detection-in-Videos-v2.1/ekramalam-GMDCSA24-A-Dataset-for-Human-Fall-Detection-in-Videos-5abac76/Subject 2/Fall/11.mp4,1,1,159,117,64,5
12.mp4,GMDCSA24-A-Dataset-for-Human-Fall-Detection-in-Videos-v2.1/ekramalam-GMDCSA24-A-Dataset-for-Human-Fall-Detection-in-Videos-5abac76/Subject 2/Fall/12.mp4,1,1,184,67,65,5
13.mp4,GMDCSA24-A-Dataset-for-Human-Fall-Detection-in-Videos-v2.1/ekramalam-GMDCSA24-A-Dataset-for-Human-Fall-Detection-in-Videos-5abac76/Subject 2/Fall/13.mp4,1,1,133,79,79,5
14.mp4,GMDCSA24-A-Dataset-for-Human-Fall-Detection-in-Videos-v2.1/ekramalam-GMDCSA24-A-Dataset-for-Human-Fall-Detection-in-Videos-5abac76/Subject 2/Fall/14.mp4,1,1,168,100,57,5
15.mp4,GMDCSA24-A-Dataset-for-Human-Fall-Detection-in-Videos-v2.1/ekramalam-GMDCSA24-A-Dataset-for-Human-Fall-Detection-in-Videos-5abac76/Subject 2/Fall/15.mp4,1,1,348,345,237,5
16.mp4,GMDCSA24-A-Dataset-for-Human-Fall-Detection-in-Videos-v2.1/ekramalam-GMDCSA24-A-Dataset-for-Human-Fall-Detection-in-Videos-5abac76/Subject 2/Fall/16.mp4,1,1,120,76,76,5
17.mp4,GMDCSA24-A-Dataset-for-Human-Fall-Detection-in-Videos-v2.1/ekramalam-GMDCSA24-A-Dataset-for-Human-Fall-Detection-in-Videos-5abac76/Subject 2/Fall/17.mp4,1,1,194,100,100,5
18.mp4,GMDCSA24-A-Dataset-for-Human-Fall-Detection-in-Videos-v2.1/ekramalam-GMDCSA24-A-Dataset-for-Human-Fall-Detection-in-Videos-5abac76/Subject 2/Fall/18.mp4,1,1,345,28,28,5
19.mp4,GMDCSA24-A-Dataset-for-Human-Fall-Detection-in-Videos-v2.1/ekramalam-GMDCSA24-A-Dataset-for-Human-Fall-Detection-in-Videos-5abac76/Subject 2/Fall/19.mp4,1,1,463,205,205,5
20.mp4,GMDCSA24-A-Dataset-for-Human-Fall-Detection-in-Videos-v2.1/ekramalam-GMDCSA24-A-Dataset-for-Human-Fall-Detection-in-Videos-5abac76/Subject 2/Fall/20.mp4,1,1,342,87,87,5
21.mp4,GMDCSA24-A-Dataset-for-Human-Fall-Detection-in-Videos-v2.1/ekramalam-GMDCSA24-A-Dataset-for-Human-Fall-Detection-in-Videos-5abac76/Subject 2/Fall/21.mp4,1,1,283,82,82,5
22.mp4,GMDCSA24-A-Dataset-for-Human-Fall-Detection-in-Videos-v2.1/ekramalam-GMDCSA24-A-Dataset-for-Human-Fall-Detection-in-Videos-5abac76/Subject 2/Fall/22.mp4,1,1,155,102,102,5
23.mp4,GMDCSA24-A-Dataset-for-Human-Fall-Detection-in-Videos-v2.1/ekramalam-GMDCSA24-A-Dataset-for-Human-Fall-Detection-in-Videos-5abac76/Subject 2/Fall/23.mp4,1,1,225,100,100,5
24.mp4,GMDCSA24-A-Dataset-for-Human-Fall-Detection-in-Videos-v2.1/ekramalam-GMDCSA24-A-Dataset-for-Human-Fall-Detection-in-Videos-5abac76/Subject 2/Fall/24.mp4,1,1,213,90,90,5
25.mp4,GMDCSA24-A-Dataset-for-Human-Fall-Detection-in-Videos-v2.1/ekramalam-GMDCSA24-A-Dataset-for-Human-Fall-Detection-in-Videos-5abac76/Subject 2/Fall/25.mp4,1,1,218,118,108,5
01.mp4,GMDCSA24-A-Dataset-for-Human-Fall-Detection-in-Videos-v2.1/ekramalam-GMDCSA24-A-Dataset-for-Human-Fall-Detection-in-Videos-5abac76/Subject 3/ADL/01.mp4,0,0,261,0,0,5
02.mp4,GMDCSA24-A-Dataset-for-Human-Fall-Detection-in-Videos-v2.1/ekramalam-GMDCSA24-A-Dataset-for-Human-Fall-Detection-in-Videos-5abac76/Subject 3/ADL/02.mp4,0,0,273,0,0,5
03.mp4,GMDCSA24-A-Dataset-for-Human-Fall-Detection-in-Videos-v2.1/ekramalam-GMDCSA24-A-Dataset-for-Human-Fall-Detection-in-Videos-5abac76/Subject 3/ADL/03.mp4,0,1,296,203,203,5
04.mp4,GMDCSA24-A-Dataset-for-Human-Fall-Detection-in-Videos-v2.1/ekramalam-GMDCSA24-A-Dataset-for-Human-Fall-Detection-in-Videos-5abac76/Subject 3/ADL/04.mp4,0,0,300,1,1,5
05.mp4,GMDCSA24-A-Dataset-for-Human-Fall-Detection-in-Videos-v2.1/ekramalam-GMDCSA24-A-Dataset-for-Human-Fall-Detection-in-Videos-5abac76/Subject 3/ADL/05.mp4,0,0,154,0,0,5
06.mp4,GMDCSA24-A-Dataset-for-Human-Fall-Detection-in-Videos-v2.1/ekramalam-GMDCSA24-A-Dataset-for-Human-Fall-Detection-in-Videos-5abac76/Subject 3/ADL/06.mp4,0,1,267,100,61,5
07.mp4,GMDCSA24-A-Dataset-for-Human-Fall-Detection-in-Videos-v2.1/ekramalam-GMDCSA24-A-Dataset-for-Human-Fall-Detection-in-Videos-5abac76/Subject 3/ADL/07.mp4,0,0,100,0,0,5
08.mp4,GMDCSA24-A-Dataset-for-Human-Fall-Detection-in-Videos-v2.1/ekramalam-GMDCSA24-A-Dataset-for-Human-Fall-Detection-in-Videos-5abac76/Subject 3/ADL/08.mp4,0,1,146,144,144,5
09.mp4,GMDCSA24-A-Dataset-for-Human-Fall-Detection-in-Videos-v2.1/ekramalam-GMDCSA24-A-Dataset-for-Human-Fall-Detection-in-Videos-5abac76/Subject 3/ADL/09.mp4,0,1,232,119,86,5
10.mp4,GMDCSA24-A-Dataset-for-Human-Fall-Detection-in-Videos-v2.1/ekramalam-GMDCSA24-A-Dataset-for-Human-Fall-Detection-in-Videos-5abac76/Subject 3/ADL/10.mp4,0,0,371,0,0,5
11.mp4,GMDCSA24-A-Dataset-for-Human-Fall-Detection-in-Videos-v2.1/ekramalam-GMDCSA24-A-Dataset-for-Human-Fall-Detection-in-Videos-5abac76/Subject 3/ADL/11.mp4,0,0,361,0,0,5
12.mp4,GMDCSA24-A-Dataset-for-Human-Fall-Detection-in-Videos-v2.1/ekramalam-GMDCSA24-A-Dataset-for-Human-Fall-Detection-in-Videos-5abac76/Subject 3/ADL/12.mp4,0,0,160,0,0,5
13.mp4,GMDCSA24-A-Dataset-for-Human-Fall-Detection-in-Videos-v2.1/ekramalam-GMDCSA24-A-Dataset-for-Human-Fall-Detection-in-Videos-5abac76/Subject 3/ADL/13.mp4,0,1,130,126,113,5
14.mp4,GMDCSA24-A-Dataset-for-Human-Fall-Detection-in-Videos-v2.1/ekramalam-GMDCSA24-A-Dataset-for-Human-Fall-Detection-in-Videos-5abac76/Subject 3/ADL/14.mp4,0,1,133,9,7,5
15.mp4,GMDCSA24-A-Dataset-for-Human-Fall-Detection-in-Videos-v2.1/ekramalam-GMDCSA24-A-Dataset-for-Human-Fall-Detection-in-Videos-5abac76/Subject 3/ADL/15.mp4,0,1,115,115,115,5
16.mp4,GMDCSA24-A-Dataset-for-Human-Fall-Detection-in-Videos-v2.1/ekramalam-GMDCSA24-A-Dataset-for-Human-Fall-Detection-in-Videos-5abac76/Subject 3/ADL/16.mp4,0,1,306,306,306,5
17.mp4,GMDCSA24-A-Dataset-for-Human-Fall-Detection-in-Videos-v2.1/ekramalam-GMDCSA24-A-Dataset-for-Human-Fall-Detection-in-Videos-5abac76/Subject 3/ADL/17.mp4,0,0,182,0,0,5
18.mp4,GMDCSA24-A-Dataset-for-Human-Fall-Detection-in-Videos-v2.1/ekramalam-GMDCSA24-A-Dataset-for-Human-Fall-Detection-in-Videos-5abac76/Subject 3/ADL/18.mp4,0,0,167,0,0,5
19.mp4,GMDCSA24-A-Dataset-for-Human-Fall-Detection-in-Videos-v2.1/ekramalam-GMDCSA24-A-Dataset-for-Human-Fall-Detection-in-Videos-5abac76/Subject 3/ADL/19.mp4,0,0,98,0,0,5
20.mp4,GMDCSA24-A-Dataset-for-Human-Fall-Detection-in-Videos-v2.1/ekramalam-GMDCSA24-A-Dataset-for-Human-Fall-Detection-in-Videos-5abac76/Subject 3/ADL/20.mp4,0,0,141,0,0,5
21.mp4,GMDCSA24-A-Dataset-for-Human-Fall-Detection-in-Videos-v2.1/ekramalam-GMDCSA24-A-Dataset-for-Human-Fall-Detection-in-Videos-5abac76/Subject 3/ADL/21.mp4,0,1,305,305,305,5
22.mp4,GMDCSA24-A-Dataset-for-Human-Fall-Detection-in-Videos-v2.1/ekramalam-GMDCSA24-A-Dataset-for-Human-Fall-Detection-in-Videos-5abac76/Subject 3/ADL/22.mp4,0,0,283,1,1,5
01.mp4,GMDCSA24-A-Dataset-for-Human-Fall-Detection-in-Videos-v2.1/ekramalam-GMDCSA24-A-Dataset-for-Human-Fall-Detection-in-Videos-5abac76/Subject 3/Fall/01.mp4,1,1,114,89,89,5
02.mp4,GMDCSA24-A-Dataset-for-Human-Fall-Detection-in-Videos-v2.1/ekramalam-GMDCSA24-A-Dataset-for-Human-Fall-Detection-in-Videos-5abac76/Subject 3/Fall/02.mp4,1,1,196,93,82,5
03.mp4,GMDCSA24-A-Dataset-for-Human-Fall-Detection-in-Videos-v2.1/ekramalam-GMDCSA24-A-Dataset-for-Human-Fall-Detection-in-Videos-5abac76/Subject 3/Fall/03.mp4,1,1,167,114,114,5
04.mp4,GMDCSA24-A-Dataset-for-Human-Fall-Detection-in-Videos-v2.1/ekramalam-GMDCSA24-A-Dataset-for-Human-Fall-Detection-in-Videos-5abac76/Subject 3/Fall/04.mp4,1,1,163,105,103,5
05.mp4,GMDCSA24-A-Dataset-for-Human-Fall-Detection-in-Videos-v2.1/ekramalam-GMDCSA24-A-Dataset-for-Human-Fall-Detection-in-Videos-5abac76/Subject 3/Fall/05.mp4,1,1,300,185,185,5
06.mp4,GMDCSA24-A-Dataset-for-Human-Fall-Detection-in-Videos-v2.1/ekramalam-GMDCSA24-A-Dataset-for-Human-Fall-Detection-in-Videos-5abac76/Subject 3/Fall/06.mp4,1,1,166,166,166,5
07.mp4,GMDCSA24-A-Dataset-for-Human-Fall-Detection-in-Videos-v2.1/ekramalam-GMDCSA24-A-Dataset-for-Human-Fall-Detection-in-Videos-5abac76/Subject 3/Fall/07.mp4,1,1,269,219,219,5
08.mp4,GMDCSA24-A-Dataset-for-Human-Fall-Detection-in-Videos-v2.1/ekramalam-GMDCSA24-A-Dataset-for-Human-Fall-Detection-in-Videos-5abac76/Subject 3/Fall/08.mp4,1,1,186,174,172,5
09.mp4,GMDCSA24-A-Dataset-for-Human-Fall-Detection-in-Videos-v2.1/ekramalam-GMDCSA24-A-Dataset-for-Human-Fall-Detection-in-Videos-5abac76/Subject 3/Fall/09.mp4,1,1,186,186,186,5
10.mp4,GMDCSA24-A-Dataset-for-Human-Fall-Detection-in-Videos-v2.1/ekramalam-GMDCSA24-A-Dataset-for-Human-Fall-Detection-in-Videos-5abac76/Subject 3/Fall/10.mp4,1,1,131,82,82,5
11.mp4,GMDCSA24-A-Dataset-for-Human-Fall-Detection-in-Videos-v2.1/ekramalam-GMDCSA24-A-Dataset-for-Human-Fall-Detection-in-Videos-5abac76/Subject 3/Fall/11.mp4,1,1,267,99,99,5
12.mp4,GMDCSA24-A-Dataset-for-Human-Fall-Detection-in-Videos-v2.1/ekramalam-GMDCSA24-A-Dataset-for-Human-Fall-Detection-in-Videos-5abac76/Subject 3/Fall/12.mp4,1,1,127,68,68,5
13.mp4,GMDCSA24-A-Dataset-for-Human-Fall-Detection-in-Videos-v2.1/ekramalam-GMDCSA24-A-Dataset-for-Human-Fall-Detection-in-Videos-5abac76/Subject 3/Fall/13.mp4,1,1,121,111,90,5
14.mp4,GMDCSA24-A-Dataset-for-Human-Fall-Detection-in-Videos-v2.1/ekramalam-GMDCSA24-A-Dataset-for-Human-Fall-Detection-in-Videos-5abac76/Subject 3/Fall/14.mp4,1,1,367,103,96,5
15.mp4,GMDCSA24-A-Dataset-for-Human-Fall-Detection-in-Videos-v2.1/ekramalam-GMDCSA24-A-Dataset-for-Human-Fall-Detection-in-Videos-5abac76/Subject 3/Fall/15.mp4,1,1,85,35,14,5
16.mp4,GMDCSA24-A-Dataset-for-Human-Fall-Detection-in-Videos-v2.1/ekramalam-GMDCSA24-A-Dataset-for-Human-Fall-Detection-in-Videos-5abac76/Subject 3/Fall/16.mp4,1,1,91,56,51,5
17.mp4,GMDCSA24-A-Dataset-for-Human-Fall-Detection-in-Videos-v2.1/ekramalam-GMDCSA24-A-Dataset-for-Human-Fall-Detection-in-Videos-5abac76/Subject 3/Fall/17.mp4,1,1,128,103,103,5
18.mp4,GMDCSA24-A-Dataset-for-Human-Fall-Detection-in-Videos-v2.1/ekramalam-GMDCSA24-A-Dataset-for-Human-Fall-Detection-in-Videos-5abac76/Subject 3/Fall/18.mp4,1,1,178,99,95,5
19.mp4,GMDCSA24-A-Dataset-for-Human-Fall-Detection-in-Videos-v2.1/ekramalam-GMDCSA24-A-Dataset-for-Human-Fall-Detection-in-Videos-5abac76/Subject 3/Fall/19.mp4,1,1,86,30,24,5
20.mp4,GMDCSA24-A-Dataset-for-Human-Fall-Detection-in-Videos-v2.1/ekramalam-GMDCSA24-A-Dataset-for-Human-Fall-Detection-in-Videos-5abac76/Subject 3/Fall/20.mp4,1,1,94,55,55,5
21.mp4,GMDCSA24-A-Dataset-for-Human-Fall-Detection-in-Videos-v2.1/ekramalam-GMDCSA24-A-Dataset-for-Human-Fall-Detection-in-Videos-5abac76/Subject 3/Fall/21.mp4,1,1,274,99,96,5
01.mp4,GMDCSA24-A-Dataset-for-Human-Fall-Detection-in-Videos-v2.1/ekramalam-GMDCSA24-A-Dataset-for-Human-Fall-Detection-in-Videos-5abac76/Subject 4/ADL/01.mp4,0,0,370,0,0,5
02.mp4,GMDCSA24-A-Dataset-for-Human-Fall-Detection-in-Videos-v2.1/ekramalam-GMDCSA24-A-Dataset-for-Human-Fall-Detection-in-Videos-5abac76/Subject 4/ADL/02.mp4,0,0,315,0,0,5
03.mp4,GMDCSA24-A-Dataset-for-Human-Fall-Detection-in-Videos-v2.1/ekramalam-GMDCSA24-A-Dataset-for-Human-Fall-Detection-in-Videos-5abac76/Subject 4/ADL/03.mp4,0,0,267,0,0,5
04.mp4,GMDCSA24-A-Dataset-for-Human-Fall-Detection-in-Videos-v2.1/ekramalam-GMDCSA24-A-Dataset-for-Human-Fall-Detection-in-Videos-5abac76/Subject 4/ADL/04.mp4,0,1,388,66,22,5
05.mp4,GMDCSA24-A-Dataset-for-Human-Fall-Detection-in-Videos-v2.1/ekramalam-GMDCSA24-A-Dataset-for-Human-Fall-Detection-in-Videos-5abac76/Subject 4/ADL/05.mp4,0,1,220,76,35,5
06.mp4,GMDCSA24-A-Dataset-for-Human-Fall-Detection-in-Videos-v2.1/ekramalam-GMDCSA24-A-Dataset-for-Human-Fall-Detection-in-Videos-5abac76/Subject 4/ADL/06.mp4,0,1,196,135,123,5
07.mp4,GMDCSA24-A-Dataset-for-Human-Fall-Detection-in-Videos-v2.1/ekramalam-GMDCSA24-A-Dataset-for-Human-Fall-Detection-in-Videos-5abac76/Subject 4/ADL/07.mp4,0,1,149,146,146,5
08.mp4,GMDCSA24-A-Dataset-for-Human-Fall-Detection-in-Videos-v2.1/ekramalam-GMDCSA24-A-Dataset-for-Human-Fall-Detection-in-Videos-5abac76/Subject 4/ADL/08.mp4,0,1,368,62,62,5
09.mp4,GMDCSA24-A-Dataset-for-Human-Fall-Detection-in-Videos-v2.1/ekramalam-GMDCSA24-A-Dataset-for-Human-Fall-Detection-in-Videos-5abac76/Subject 4/ADL/09.mp4,0,0,362,0,0,5
10.mp4,GMDCSA24-A-Dataset-for-Human-Fall-Detection-in-Videos-v2.1/ekramalam-GMDCSA24-A-Dataset-for-Human-Fall-Detection-in-Videos-5abac76/Subject 4/ADL/10.mp4,0,1,382,314,314,5
11.mp4,GMDCSA24-A-Dataset-for-Human-Fall-Detection-in-Videos-v2.1/ekramalam-GMDCSA24-A-Dataset-for-Human-Fall-Detection-in-Videos-5abac76/Subject 4/ADL/11.mp4,0,0,320,0,0,5
12.mp4,GMDCSA24-A-Dataset-for-Human-Fall-Detection-in-Videos-v2.1/ekramalam-GMDCSA24-A-Dataset-for-Human-Fall-Detection-in-Videos-5abac76/Subject 4/ADL/12.mp4,0,0,257,0,0,5
13.mp4,GMDCSA24-A-Dataset-for-Human-Fall-Detection-in-Videos-v2.1/ekramalam-GMDCSA24-A-Dataset-for-Human-Fall-Detection-in-Videos-5abac76/Subject 4/ADL/13.mp4,0,0,164,0,0,5
14.mp4,GMDCSA24-A-Dataset-for-Human-Fall-Detection-in-Videos-v2.1/ekramalam-GMDCSA24-A-Dataset-for-Human-Fall-Detection-in-Videos-5abac76/Subject 4/ADL/14.mp4,0,0,248,0,0,5
15.mp4,GMDCSA24-A-Dataset-for-Human-Fall-Detection-in-Videos-v2.1/ekramalam-GMDCSA24-A-Dataset-for-Human-Fall-Detection-in-Videos-5abac76/Subject 4/ADL/15.mp4,0,1,159,145,145,5
16.mp4,GMDCSA24-A-Dataset-for-Human-Fall-Detection-in-Videos-v2.1/ekramalam-GMDCSA24-A-Dataset-for-Human-Fall-Detection-in-Videos-5abac76/Subject 4/ADL/16.mp4,0,1,213,128,128,5
17.mp4,GMDCSA24-A-Dataset-for-Human-Fall-Detection-in-Videos-v2.1/ekramalam-GMDCSA24-A-Dataset-for-Human-Fall-Detection-in-Videos-5abac76/Subject 4/ADL/17.mp4,0,0,186,0,0,5
18.mp4,GMDCSA24-A-Dataset-for-Human-Fall-Detection-in-Videos-v2.1/ekramalam-GMDCSA24-A-Dataset-for-Human-Fall-Detection-in-Videos-5abac76/Subject 4/ADL/18.mp4,0,0,421,0,0,5
19.mp4,GMDCSA24-A-Dataset-for-Human-Fall-Detection-in-Videos-v2.1/ekramalam-GMDCSA24-A-Dataset-for-Human-Fall-Detection-in-Videos-5abac76/Subject 4/ADL/19.mp4,0,0,296,0,0,5
20.mp4,GMDCSA24-A-Dataset-for-Human-Fall-Detection-in-Videos-v2.1/ekramalam-GMDCSA24-A-Dataset-for-Human-Fall-Detection-in-Videos-5abac76/Subject 4/ADL/20.mp4,0,0,523,0,0,5
01.mp4,GMDCSA24-A-Dataset-for-Human-Fall-Detection-in-Videos-v2.1/ekramalam-GMDCSA24-A-Dataset-for-Human-Fall-Detection-in-Videos-5abac76/Subject 4/Fall/01.mp4,1,1,139,75,75,5
02.mp4,GMDCSA24-A-Dataset-for-Human-Fall-Detection-in-Videos-v2.1/ekramalam-GMDCSA24-A-Dataset-for-Human-Fall-Detection-in-Videos-5abac76/Subject 4/Fall/02.mp4,1,1,89,89,89,5
03.mp4,GMDCSA24-A-Dataset-for-Human-Fall-Detection-in-Videos-v2.1/ekramalam-GMDCSA24-A-Dataset-for-Human-Fall-Detection-in-Videos-5abac76/Subject 4/Fall/03.mp4,1,1,200,137,137,5
04.mp4,GMDCSA24-A-Dataset-for-Human-Fall-Detection-in-Videos-v2.1/ekramalam-GMDCSA24-A-Dataset-for-Human-Fall-Detection-in-Videos-5abac76/Subject 4/Fall/04.mp4,1,1,141,95,95,5
05.mp4,GMDCSA24-A-Dataset-for-Human-Fall-Detection-in-Videos-v2.1/ekramalam-GMDCSA24-A-Dataset-for-Human-Fall-Detection-in-Videos-5abac76/Subject 4/Fall/05.mp4,1,1,221,133,133,5
06.mp4,GMDCSA24-A-Dataset-for-Human-Fall-Detection-in-Videos-v2.1/ekramalam-GMDCSA24-A-Dataset-for-Human-Fall-Detection-in-Videos-5abac76/Subject 4/Fall/06.mp4,1,1,183,137,71,5
07.mp4,GMDCSA24-A-Dataset-for-Human-Fall-Detection-in-Videos-v2.1/ekramalam-GMDCSA24-A-Dataset-for-Human-Fall-Detection-in-Videos-5abac76/Subject 4/Fall/07.mp4,1,1,188,111,111,5
08.mp4,GMDCSA24-A-Dataset-for-Human-Fall-Detection-in-Videos-v2.1/ekramalam-GMDCSA24-A-Dataset-for-Human-Fall-Detection-in-Videos-5abac76/Subject 4/Fall/08.mp4,1,1,187,108,108,5
09.mp4,GMDCSA24-A-Dataset-for-Human-Fall-Detection-in-Videos-v2.1/ekramalam-GMDCSA24-A-Dataset-for-Human-Fall-Detection-in-Videos-5abac76/Subject 4/Fall/09.mp4,1,0,181,0,0,5
10.mp4,GMDCSA24-A-Dataset-for-Human-Fall-Detection-in-Videos-v2.1/ekramalam-GMDCSA24-A-Dataset-for-Human-Fall-Detection-in-Videos-5abac76/Subject 4/Fall/10.mp4,1,1,151,72,69,5
11.mp4,GMDCSA24-A-Dataset-for-Human-Fall-Detection-in-Videos-v2.1/ekramalam-GMDCSA24-A-Dataset-for-Human-Fall-Detection-in-Videos-5abac76/Subject 4/Fall/11.mp4,1,1,136,88,88,5
12.mp4,GMDCSA24-A-Dataset-for-Human-Fall-Detection-in-Videos-v2.1/ekramalam-GMDCSA24-A-Dataset-for-Human-Fall-Detection-in-Videos-5abac76/Subject 4/Fall/12.mp4,1,1,138,72,72,5
13.mp4,GMDCSA24-A-Dataset-for-Human-Fall-Detection-in-Videos-v2.1/ekramalam-GMDCSA24-A-Dataset-for-Human-Fall-Detection-in-Videos-5abac76/Subject 4/Fall/13.mp4,1,1,149,132,132,5
14.mp4,GMDCSA24-A-Dataset-for-Human-Fall-Detection-in-Videos-v2.1/ekramalam-GMDCSA24-A-Dataset-for-Human-Fall-Detection-in-Videos-5abac76/Subject 4/Fall/14.mp4,1,1,157,123,123,5
15.mp4,GMDCSA24-A-Dataset-for-Human-Fall-Detection-in-Videos-v2.1/ekramalam-GMDCSA24-A-Dataset-for-Human-Fall-Detection-in-Videos-5abac76/Subject 4/Fall/15.mp4,1,1,145,72,72,5
16.mp4,GMDCSA24-A-Dataset-for-Human-Fall-Detection-in-Videos-v2.1/ekramalam-GMDCSA24-A-Dataset-for-Human-Fall-Detection-in-Videos-5abac76/Subject 4/Fall/16.mp4,1,1,212,99,99,5
17.mp4,GMDCSA24-A-Dataset-for-Human-Fall-Detection-in-Videos-v2.1/ekramalam-GMDCSA24-A-Dataset-for-Human-Fall-Detection-in-Videos-5abac76/Subject 4/Fall/17.mp4,1,1,207,116,116,5
